Keyword,Category,Priority,Page,Search Intent,Language
translation services Sudan,Core,1,/translation-services-sudan,Commercial,EN
interpretation services Sudan,Core,1,/services/interpretation-services-sudan,Commercial,EN
certified translation Sudan,Core,1,/services/certified-translation-sudan,Commercial,EN
document translation Sudan,Core,1,/services/document-translation-sudan,Commercial,EN
Arabic translation Sudan,Core,1,/translation-services-sudan,Commercial,EN
Arabic English translation Sudan,Core,1,/translation-services-sudan,Commercial,EN
Arabic French translation Sudan,Core,1,/translation-services-sudan,Commercial,EN
simultaneous interpretation Sudan,Core,1,/services/interpretation-services-sudan,Commercial,EN
consecutive interpretation Sudan,Core,1,/services/interpretation-services-sudan,Commercial,EN
legal translation Sudan,Secondary,2,/services/certified-translation-sudan,Commercial,EN
technical translation Sudan,Secondary,2,/services/document-translation-sudan,Commercial,EN
conference interpretation Sudan,Secondary,2,/services/interpretation-services-sudan,Commercial,EN
UN translation Sudan,Secondary,2,/translation-services-sudan,Commercial,EN
NGO translation Sudan,Secondary,2,/translation-services-sudan,Commercial,EN
embassy translation Sudan,Secondary,2,/translation-services-sudan,Commercial,EN
interpretation equipment rental Sudan,Secondary,2,/services/interpretation-equipment-rental-sudan,Commercial,EN
remote interpretation Sudan,Secondary,2,/services/interpretation-services-sudan,Commercial,EN
translation services Khartoum,City,2,/translation-services-khartoum,Commercial,EN
translation services Omdurman,City,2,/translation-services-omdurman,Commercial,EN
translation services Port Sudan,City,2,/translation-services-port-sudan,Commercial,EN
translation services Kassala,City,3,/translation-services-kassala,Commercial,EN
translation services El Obeid,City,3,/translation-services-el-obeid,Commercial,EN
translation services Wad Madani,City,3,/translation-services-wad-madani,Commercial,EN
translation services Nyala,City,3,/translation-services-nyala,Commercial,EN
translation services Gedaref,City,3,/translation-services-gedaref,Commercial,EN
translation services Atbara,City,3,/translation-services-atbara,Commercial,EN
Horn of Africa translation,Regional,3,/translation-services-sudan,Commercial,EN
East Africa translation services,Regional,3,/translation-services-sudan,Commercial,EN
certified translation Khartoum,City,2,/translation-services-khartoum,Commercial,EN
certified translation Omdurman,City,2,/translation-services-omdurman,Commercial,EN
simultaneous interpretation Khartoum,City,2,/translation-services-khartoum,Commercial,EN
interpretation booths rental Sudan,Long-tail,3,/services/interpretation-equipment-rental-sudan,Commercial,EN
wireless receivers rental Sudan,Long-tail,3,/services/interpretation-equipment-rental-sudan,Commercial,EN
WIKA TRANSLATE SUDAN,Brand,1,/,Navigational,EN
Wika Translate Omdurman,Brand,1,/,Navigational,EN
what is the best translation company in Sudan,AI/GEO,1,/faq,Informational,EN
where to find certified translation in Sudan,AI/GEO,1,/faq,Informational,EN
how to get certified translation Sudan,AI/GEO,2,/blog/6,Informational,EN
translation company for NGOs in Sudan,AI/GEO,2,/faq,Informational,EN
خدمات الترجمة في السودان,Arabic Core,1,/translation-services-sudan,Commercial,AR
ترجمة احترافية في السودان,Arabic Core,1,/translation-services-sudan,Commercial,AR
ترجمة معتمدة في السودان,Arabic Core,1,/services/certified-translation-sudan,Commercial,AR
ترجمة قانونية السودان,Arabic Secondary,2,/services/certified-translation-sudan,Commercial,AR
ترجمة فورية في السودان,Arabic Secondary,2,/services/interpretation-services-sudan,Commercial,AR
ترجمة عربي انجليزي السودان,Arabic Secondary,2,/translation-services-sudan,Commercial,AR
ترجمة أم درمان,Arabic City,2,/translation-services-omdurman,Commercial,AR
ترجمة الخرطوم,Arabic City,2,/translation-services-khartoum,Commercial,AR
أفضل شركة ترجمة في السودان,AI/GEO AR,1,/faq,Informational,AR
ويكا ترانسليت السودان,Arabic Brand,1,/,Navigational,AR
services de traduction Soudan,French Core,2,/translation-services-sudan,Commercial,FR
interprétation simultanée Soudan,French Core,2,/services/interpretation-services-sudan,Commercial,FR
traduction certifiée Soudan,French Core,2,/services/certified-translation-sudan,Commercial,FR
traduction arabe français Soudan,French Secondary,3,/translation-services-sudan,Commercial,FR
